<?xml version="1.0" encoding="UTF-8"?>
<project-private xmlns="http://www.netbeans.org/ns/project-private/1">
    <editor-bookmarks xmlns="http://www.netbeans.org/ns/editor-bookmarks/2" lastBookmarkId="0"/>
    <open-files xmlns="http://www.netbeans.org/ns/projectui-open-files/2">
        <group>
            <file>file:/C:/Users/hola/Downloads/Assignment2/Assignment2/src/assignment2/Staff.java</file>
            <file>file:/C:/Users/hola/Downloads/Assignment2/Assignment2/suppliers.txt</file>
            <file>file:/C:/Users/hola/Downloads/Assignment2/Assignment2/src/assignment2/Admin.java</file>
            <file>file:/C:/Users/hola/Downloads/Assignment2/Assignment2/ppe.txt</file>
            <file>file:/C:/Users/hola/Downloads/Assignment2/Assignment2/users.txt</file>
            <file>file:/C:/Users/hola/Downloads/Assignment2/Assignment2/transaction.txt</file>
        </group>
    </open-files>
</project-private>
